domain,source,note
009.casino,stevenblack-mit+hagezi-cross-check,双源交叉确认
10bet.com,stevenblack-mit+hagezi-cross-check,双源交叉确认
118kbet.com,stevenblack-mit+hagezi-cross-check,双源交叉确认
11bet.bz,stevenblack-mit+hagezi-cross-check,双源交叉确认
11bet.club,stevenblack-mit+hagezi-cross-check,双源交叉确认
11bet.com,stevenblack-mit+hagezi-cross-check,双源交叉确认
11bet.fun,stevenblack-mit+hagezi-cross-check,双源交叉确认
11bet.gg,stevenblack-mit+hagezi-cross-check,双源交叉确认
11bet.in,stevenblack-mit+hagezi-cross-check,双源交叉确认
11bet.life,stevenblack-mit+hagezi-cross-check,双源交叉确认
11bet.lt,stevenblack-mit+hagezi-cross-check,双源交叉确认
11bet.mobi,stevenblack-mit+hagezi-cross-check,双源交叉确认
11bet.mx,stevenblack-mit+hagezi-cross-check,双源交叉确认
11bet.name,stevenblack-mit+hagezi-cross-check,双源交叉确认
11bet.net,stevenblack-mit+hagezi-cross-check,双源交叉确认
11bet.online,stevenblack-mit+hagezi-cross-check,双源交叉确认
11bet.org,stevenblack-mit+hagezi-cross-check,双源交叉确认
11bet.pro,stevenblack-mit+hagezi-cross-check,双源交叉确认
11bet.us,stevenblack-mit+hagezi-cross-check,双源交叉确认
11bet.vin,stevenblack-mit+hagezi-cross-check,双源交叉确认
11bet.win,stevenblack-mit+hagezi-cross-check,双源交叉确认
11betvnd.com,stevenblack-mit+hagezi-cross-check,双源交叉确认
123b.bet,stevenblack-mit+hagezi-cross-check,双源交叉确认
12bet.com,stevenblack-mit+hagezi-cross-check,双源交叉确认
12betvnd.com,stevenblack-mit+hagezi-cross-check,双源交叉确认
14betvnd.com,stevenblack-mit+hagezi-cross-check,双源交叉确认
168kbet.com,stevenblack-mit+hagezi-cross-check,双源交叉确认
21casino.com,stevenblack-mit+hagezi-cross-check,双源交叉确认
666casino.com,stevenblack-mit+hagezi-cross-check,双源交叉确认
68lottery.com,stevenblack-mit+hagezi-cross-check,双源交叉确认
7godscasino.com,stevenblack-mit+hagezi-cross-check,双源交叉确认
7jackpots.com,stevenblack-mit+hagezi-cross-check,双源交叉确认
88thaicasinoslots.com,stevenblack-mit+hagezi-cross-check,双源交叉确认
92lottery.com,stevenblack-mit+hagezi-cross-check,双源交叉确认
a1casino.com,stevenblack-mit+hagezi-cross-check,双源交叉确认
ahacasino.com,stevenblack-mit+hagezi-cross-check,双源交叉确认
alfcasino.com,stevenblack-mit+hagezi-cross-check,双源交叉确认
allstarsportsbook.com,stevenblack-mit+hagezi-cross-check,双源交叉确认
amcleanbookmakers.com,stevenblack-mit+hagezi-cross-check,双源交叉确认
barbadoscasino.com,stevenblack-mit+hagezi-cross-check,双源交叉确认
bestcasino.com,stevenblack-mit+hagezi-cross-check,双源交叉确认
bestecasino.com,stevenblack-mit+hagezi-cross-check,双源交叉确认
betfirstcasino.be,stevenblack-mit+hagezi-cross-check,双源交叉确认
bingo.com,stevenblack-mit+hagezi-cross-check,双源交叉确认
bingoscotland.net,stevenblack-mit+hagezi-cross-check,双源交叉确认
bingostreet.com,stevenblack-mit+hagezi-cross-check,双源交叉确认
bingowags.com,stevenblack-mit+hagezi-cross-check,双源交叉确认
bingoyard.com,stevenblack-mit+hagezi-cross-check,双源交叉确认
bobcasino.com,stevenblack-mit+hagezi-cross-check,双源交叉确认
bookmaker.com.au,stevenblack-mit+hagezi-cross-check,双源交叉确认
bookmaker.eu,stevenblack-mit+hagezi-cross-check,双源交叉确认
bookmakerclub.com,stevenblack-mit+hagezi-cross-check,双源交叉确认
botbcasino.com,stevenblack-mit+hagezi-cross-check,双源交叉确认
britsbingo.co.uk,stevenblack-mit+hagezi-cross-check,双源交叉确认
browncowbingo.com,stevenblack-mit+hagezi-cross-check,双源交叉确认
bubblebonusbingo.com,stevenblack-mit+hagezi-cross-check,双源交叉确认
butterflybingo.com,stevenblack-mit+hagezi-cross-check,双源交叉确认
cafecasino.lv,stevenblack-mit+hagezi-cross-check,双源交叉确认
candyshopbingo.com,stevenblack-mit+hagezi-cross-check,双源交叉确认
casinoadmiral.lt,stevenblack-mit+hagezi-cross-check,双源交叉确认
casinoae888.com,stevenblack-mit+hagezi-cross-check,双源交叉确认
casinoandfriends.com,stevenblack-mit+hagezi-cross-check,双源交叉确认
casinobg.info,stevenblack-mit+hagezi-cross-check,双源交叉确认
casinocalzone.com,stevenblack-mit+hagezi-cross-check,双源交叉确认
casinocruise.com,stevenblack-mit+hagezi-cross-check,双源交叉确认
casinoeuro.com,stevenblack-mit+hagezi-cross-check,双源交叉确认
casinogods.com,stevenblack-mit+hagezi-cross-check,双源交叉确认
casinoheroes.com,stevenblack-mit+hagezi-cross-check,双源交叉确认
casinojefe.com,stevenblack-mit+hagezi-cross-check,双源交叉确认
casinoland.com,stevenblack-mit+hagezi-cross-check,双源交叉确认
celebbingo.com,stevenblack-mit+hagezi-cross-check,双源交叉确认
champagnebingo.com,stevenblack-mit+hagezi-cross-check,双源交叉确认
circusbingo.com,stevenblack-mit+hagezi-cross-check,双源交叉确认
citybingo.com,stevenblack-mit+hagezi-cross-check,双源交叉确认
coastalsportsbook.com,stevenblack-mit+hagezi-cross-check,双源交叉确认
coffeebingo.com,stevenblack-mit+hagezi-cross-check,双源交叉确认
costabingo.com,stevenblack-mit+hagezi-cross-check,双源交叉确认
creditwagering.com,stevenblack-mit+hagezi-cross-check,双源交叉确认
csgo-gambler.com,stevenblack-mit+hagezi-cross-check,双源交叉确认
csgojackpot.com,stevenblack-mit+hagezi-cross-check,双源交叉确认
csgo-jackpots.com,stevenblack-mit+hagezi-cross-check,双源交叉确认
csgopoker.com,stevenblack-mit+hagezi-cross-check,双源交叉确认
cupcakebingo.co.uk,stevenblack-mit+hagezi-cross-check,双源交叉确认
cupcakebingo.com,stevenblack-mit+hagezi-cross-check,双源交叉确认
daftarpokeronline.kissr.com,stevenblack-mit+hagezi-cross-check,双源交叉确认
daisybingo.com,stevenblack-mit+hagezi-cross-check,双源交叉确认
dielottozahlende.net,stevenblack-mit+hagezi-cross-check,双源交叉确认
dinobingo.com,stevenblack-mit+hagezi-cross-check,双源交叉确认
divabingo.com,stevenblack-mit+hagezi-cross-check,双源交叉确认
dreamjackpot.com,stevenblack-mit+hagezi-cross-check,双源交叉确认
easytowager.com,stevenblack-mit+hagezi-cross-check,双源交叉确认
e-lotto.be,stevenblack-mit+hagezi-cross-check,双源交叉确认
espnsportsbook.com,stevenblack-mit+hagezi-cross-check,双源交叉确认
euroslots.com,stevenblack-mit+hagezi-cross-check,双源交叉确认
freeslotshub.com,stevenblack-mit+hagezi-cross-check,双源交叉确认
gamblecsgo.com,stevenblack-mit+hagezi-cross-check,双源交叉确认
gambling.com,stevenblack-mit+hagezi-cross-check,双源交叉确认
gamerjackpot.com,stevenblack-mit+hagezi-cross-check,双源交叉确认
globalwagering.ws,stevenblack-mit+hagezi-cross-check,双源交叉确认
goldmedalbingo.com,stevenblack-mit+hagezi-cross-check,双源交叉确认
gossipbingo.com,stevenblack-mit+hagezi-cross-check,双源交叉确认
gotosportsbook.com,stevenblack-mit+hagezi-cross-check,双源交叉确认
gracesbingo.com,stevenblack-mit+hagezi-cross-check,双源交叉确认
guestlistbingo.com,stevenblack-mit+hagezi-cross-check,双源交叉确认
healthlottery.co.uk,stevenblack-mit+hagezi-cross-check,双源交叉确认
heypoker.com,stevenblack-mit+hagezi-cross-check,双源交叉确认
highheelsbingo.com,stevenblack-mit+hagezi-cross-check,双源交叉确认
hollywoodsportsbook.eu,stevenblack-mit+hagezi-cross-check,双源交叉确认
hrwager.ag,stevenblack-mit+hagezi-cross-check,双源交叉确认
i9bet.poker,stevenblack-mit+hagezi-cross-check,双源交叉确认
jackpotcity.com,stevenblack-mit+hagezi-cross-check,双源交叉确认
jackpotpiraten.de,stevenblack-mit+hagezi-cross-check,双源交叉确认
jackpotvillage.com,stevenblack-mit+hagezi-cross-check,双源交叉确认
jesterjackpots.co.uk,stevenblack-mit+hagezi-cross-check,双源交叉确认
jesterjackpots.com,stevenblack-mit+hagezi-cross-check,双源交叉确认
johnslots.com,stevenblack-mit+hagezi-cross-check,双源交叉确认
kaiserslots.com,stevenblack-mit+hagezi-cross-check,双源交叉确认
laspalmassportsbook.com,stevenblack-mit+hagezi-cross-check,双源交叉确认
legendsportsbook.com,stevenblack-mit+hagezi-cross-check,双源交叉确认
leojackpot.com,stevenblack-mit+hagezi-cross-check,双源交叉确认
lmbookmaker.com,stevenblack-mit+hagezi-cross-check,双源交叉确认
lottery.ie,stevenblack-mit+hagezi-cross-check,双源交叉确认
lotto.de,stevenblack-mit+hagezi-cross-check,双源交叉确认
lotto.gmx.net,stevenblack-mit+hagezi-cross-check,双源交叉确认
lotto.is,stevenblack-mit+hagezi-cross-check,双源交叉确认
lotto.mthai.com,stevenblack-mit+hagezi-cross-check,双源交叉确认
lotto.pl,stevenblack-mit+hagezi-cross-check,双源交叉确认
lotto.web.de,stevenblack-mit+hagezi-cross-check,双源交叉确认
lotto24.de,stevenblack-mit+hagezi-cross-check,双源交叉确认
lotto24bingo.com,stevenblack-mit+hagezi-cross-check,双源交叉确认
lotto-bayern.de,stevenblack-mit+hagezi-cross-check,双源交叉确认
lotto-berlin.de,stevenblack-mit+hagezi-cross-check,双源交叉确认
lotto-brandenburg.de,stevenblack-mit+hagezi-cross-check,双源交叉确认
lotto-bremen.de,stevenblack-mit+hagezi-cross-check,双源交叉确认
lotto-bw.de,stevenblack-mit+hagezi-cross-check,双源交叉确认
lotto-centrum.com,stevenblack-mit+hagezi-cross-check,双源交叉确认
lottohelden.de,stevenblack-mit+hagezi-cross-check,双源交叉确认
lotto-hessen.de,stevenblack-mit+hagezi-cross-check,双源交叉确认
lotto-hh.de,stevenblack-mit+hagezi-cross-check,双源交叉确认
lottoland.com,stevenblack-mit+hagezi-cross-check,双源交叉确认
lottomax.ca,stevenblack-mit+hagezi-cross-check,双源交叉确认
lottomv.de,stevenblack-mit+hagezi-cross-check,双源交叉确认
lotto-niedersachsen.de,stevenblack-mit+hagezi-cross-check,双源交叉确认
lotto-rlp.de,stevenblack-mit+hagezi-cross-check,双源交叉确认
lottosachsenanhalt.de,stevenblack-mit+hagezi-cross-check,双源交叉确认
lotto-sh.de,stevenblack-mit+hagezi-cross-check,双源交叉确认
luckylandslots.com,stevenblack-mit+hagezi-cross-check,双源交叉确认
luckymeslots.com,stevenblack-mit+hagezi-cross-check,双源交叉确认
luckywinslots.com,stevenblack-mit+hagezi-cross-check,双源交叉确认
m8poker.com,stevenblack-mit+hagezi-cross-check,双源交叉确认
macauslot.com,stevenblack-mit+hagezi-cross-check,双源交叉确认
macau-slot.com,stevenblack-mit+hagezi-cross-check,双源交叉确认
metspoker.com,stevenblack-mit+hagezi-cross-check,双源交叉确认
mrjackpotspins.com,stevenblack-mit+hagezi-cross-check,双源交叉确认
mrslot.com,stevenblack-mit+hagezi-cross-check,双源交叉确认
mysportsbook.ag,stevenblack-mit+hagezi-cross-check,双源交叉确认
myteampoker.com,stevenblack-mit+hagezi-cross-check,双源交叉确认
national-lottery.co.uk,stevenblack-mit+hagezi-cross-check,双源交叉确认
nationallottery.co.za,stevenblack-mit+hagezi-cross-check,双源交叉确认
ninjackpot.com,stevenblack-mit+hagezi-cross-check,双源交叉确认
olgslotsandcasinos.ca,stevenblack-mit+hagezi-cross-check,双源交叉确认
p2poker.net,stevenblack-mit+hagezi-cross-check,双源交叉确认
partypoker.cz,stevenblack-mit+hagezi-cross-check,双源交叉确认
pokermax.com,stevenblack-mit+hagezi-cross-check,双源交叉确认
pokermaya.com,stevenblack-mit+hagezi-cross-check,双源交叉确认
pokerstars.bg,stevenblack-mit+hagezi-cross-check,双源交叉确认
pokerstars.cz,stevenblack-mit+hagezi-cross-check,双源交叉确认
pokerstars.eu,stevenblack-mit+hagezi-cross-check,双源交叉确认
primeslots.com,stevenblack-mit+hagezi-cross-check,双源交叉确认
purepoker.eu,stevenblack-mit+hagezi-cross-check,双源交叉确认
rajaslot77.net,stevenblack-mit+hagezi-cross-check,双源交叉确认
royalslots.com,stevenblack-mit+hagezi-cross-check,双源交叉确认
sirjackpot.com,stevenblack-mit+hagezi-cross-check,双源交叉确认
skytowersportsbook.com,stevenblack-mit+hagezi-cross-check,双源交叉确认
slotino.bg,stevenblack-mit+hagezi-cross-check,双源交叉确认
slotplanet.com,stevenblack-mit+hagezi-cross-check,双源交叉确认
slotsheaven.com,stevenblack-mit+hagezi-cross-check,双源交叉确认
slotsmagic.com,stevenblack-mit+hagezi-cross-check,双源交叉确认
slotsons.com,stevenblack-mit+hagezi-cross-check,双源交叉确认
slottyvegas.com,stevenblack-mit+hagezi-cross-check,双源交叉确认
slotv.com,stevenblack-mit+hagezi-cross-check,双源交叉确认
sloty.com,stevenblack-mit+hagezi-cross-check,双源交叉确认
sportsbook.ca,stevenblack-mit+hagezi-cross-check,双源交叉确认
sportsbooks.com,stevenblack-mit+hagezi-cross-check,双源交叉确认
sportsbook-uk.com,stevenblack-mit+hagezi-cross-check,双源交叉确认
sportsbookusa.com,stevenblack-mit+hagezi-cross-check,双源交叉确认
sports-gambling.com,stevenblack-mit+hagezi-cross-check,双源交叉确认
supersportsbook.com,stevenblack-mit+hagezi-cross-check,双源交叉确认
taiwanlottery.com.tw,stevenblack-mit+hagezi-cross-check,双源交叉确认
tienlenpoker.fun,stevenblack-mit+hagezi-cross-check,双源交叉确认
videoslots.com,stevenblack-mit+hagezi-cross-check,双源交叉确认
vikingslots.com,stevenblack-mit+hagezi-cross-check,双源交叉确认
wager123.com,stevenblack-mit+hagezi-cross-check,双源交叉确认
wager7.eu,stevenblack-mit+hagezi-cross-check,双源交叉确认
wagerallin.com,stevenblack-mit+hagezi-cross-check,双源交叉确认
wagermadness.com,stevenblack-mit+hagezi-cross-check,双源交叉确认
webbookmakers.com,stevenblack-mit+hagezi-cross-check,双源交叉确认
wildjackpots.com,stevenblack-mit+hagezi-cross-check,双源交叉确认
worldwidegamble.com,stevenblack-mit+hagezi-cross-check,双源交叉确认
youwager.eu,stevenblack-mit+hagezi-cross-check,双源交叉确认
