provider,match,domain,note
Tencent Music / QQ Music,exact,splashqqlive.gtimg.com,用户提供的专项 App 广告与统计主机
Tencent Music / QQ Music,exact,ad.y.qq.com,用户提供的专项 App 广告与统计主机
Tencent Music / QQ Music,exact,adcdn.y.qq.com,用户提供的专项 App 广告与统计主机
Tencent Music / QQ Music,exact,stat.y.qq.com,用户提供的专项 App 广告与统计主机
Tencent Music / QQ Music,exact,adstats.y.qq.com,用户提供的专项 App 广告与统计主机
Tencent Music / QQ Music,exact,tme-ad.qq.com,用户提供的专项 App 广告与统计主机
Tencent Music / QQ Music,exact,tme-ad.tencentmusic.com,用户提供的专项 App 广告与统计主机
Tencent Music / QQ Music,exact,adfile.qq.com,用户提供的专项 App 广告与统计主机
JD.com,exact,dsp-x.jd.com,用户提供的专项 App 广告与统计主机
JD.com,exact,gias.jd.com,用户提供的专项 App 广告与统计主机
JD.com,exact,ads.union.jd.com,用户提供的专项 App 广告与统计主机
JD.com,exact,jzt.jd.com,用户提供的专项 App 广告与统计主机
JD.com,exact,union.jd.com,用户提供的专项 App 广告与统计主机
JD.com,exact,ad.360buy.com,用户提供的专项 App 广告与统计主机
JD.com,exact,cps.360buy.com,用户提供的专项 App 广告与统计主机
JD.com,exact,im-x.jd.com,用户提供的专项 App 广告与统计主机
JD.com,exact,c-nfa.jd.com,用户提供的专项 App 广告与统计主机
JD.com,exact,ad.3.cn,用户提供的专项 App 广告与统计主机
JD.com,exact,x.jd.com,用户提供的专项 App 广告与统计主机
JD.com,exact,stat.3.cn,用户提供的专项 App 广告与统计主机
JD.com,exact,addata.jd.com,用户提供的专项 App 广告与统计主机
JD.com,exact,mercury.jd.com,用户提供的专项 App 广告与统计主机
JD.com,exact,policy.jd.com,用户提供的专项 App 广告与统计主机
JD.com,exact,m.jzt.jd.com,用户提供的专项 App 广告与统计主机
JD.com,exact,ad.m.jd.com,用户提供的专项 App 广告与统计主机
JD.com,exact,click.jd.com,用户提供的专项 App 广告与统计主机
JD.com,exact,ad.jd.com,用户提供的专项 App 广告与统计主机
JD.com,exact,dsp.jd.com,用户提供的专项 App 广告与统计主机
Moji Weather,exact,ad.mojichina.com,用户提供的专项 App 广告与统计主机
Moji Weather,exact,adlaunch.mojichina.com,用户提供的专项 App 广告与统计主机
Moji Weather,exact,ad.moji.com,用户提供的专项 App 广告与统计主机
Moji Weather,exact,ads.mojichina.com,用户提供的专项 App 广告与统计主机
Moji Weather,exact,stat.mojichina.com,用户提供的专项 App 广告与统计主机
Moji Weather,exact,log.mojichina.com,用户提供的专项 App 广告与统计主机
Moji Weather,exact,al.mojichina.com,用户提供的专项 App 广告与统计主机
Moji Weather,exact,adapi.mojichina.com,用户提供的专项 App 广告与统计主机
Moji Weather,exact,adsp.mojichina.com,用户提供的专项 App 广告与统计主机
Moji Weather,exact,adshow.mojichina.com,用户提供的专项 App 广告与统计主机
Moji Weather,exact,ad-stat.mojichina.com,用户提供的专项 App 广告与统计主机
Moji Weather,exact,ad.moji001.com,用户提供的专项 App 广告与统计主机
Moji Weather,exact,adserver.mojichina.com,用户提供的专项 App 广告与统计主机
Moji Weather,exact,cdn.mojichina.com,用户提供的专项 App 广告与统计主机
Moji Weather,exact,api.mojichina.com,用户提供的专项 App 广告与统计主机
